periode_data;wilayah;kecamatan;kelurahan;nama_rptra
2023;KOTA ADM. JAKARTA SELATAN;PASAR MINGGU;KEBAGUSAN;BAGUS
2023;KOTA ADM. JAKARTA SELATAN;PASAR MINGGU;KEBAGUSAN;BAUNG
2023;KOTA ADM. JAKARTA SELATAN;PASAR MINGGU;KEBAGUSAN;PERDAMAIAN
2023;KOTA ADM. JAKARTA SELATAN;PASAR MINGGU;KEBAGUSAN;WARU TIMBUL
2023;KOTA ADM. JAKARTA SELATAN;PASAR MINGGU;KEBAGUSAN;KECAPI 137
2023;KOTA ADM. JAKARTA SELATAN;KEBAYORAN LAMA;KEBAYORAN LAMA UTARA;DWI CHANDRA LOKA
2023;KOTA ADM. JAKARTA SELATAN;KEBAYORAN LAMA;KEBAYORAN LAMA UTARA;DELAS
2023;KOTA ADM. JAKARTA SELATAN;KEBAYORAN LAMA;PONDOK PINANG;PINANG INDAH
2023;KOTA ADM. JAKARTA SELATAN;KEBAYORAN LAMA;CIPULIR;MANGGA ULIR
2023;KOTA ADM. JAKARTA SELATAN;KEBAYORAN LAMA;GROGOL UTARA;KEMANDORAN
2023;KOTA ADM. JAKARTA SELATAN;KEBAYORAN LAMA;KEBAYORAN LAMA SELATAN;KAMPUNG PERIGI
2023;KOTA ADM. JAKARTA SELATAN;CILANDAK;CILANDAK BARAT;INTAN
2023;KOTA ADM. JAKARTA SELATAN;CILANDAK;LEBAK BULUS;MAWAR
2023;KOTA ADM. JAKARTA SELATAN;CILANDAK;LEBAK BULUS;ANGGREK
2023;KOTA ADM. JAKARTA SELATAN;CILANDAK;PONDOK LABU;PINANG POLA
2023;KOTA ADM. JAKARTA SELATAN;CILANDAK;PONDOK LABU;POLA IDAMAN
2023;KOTA ADM. JAKARTA SELATAN;CILANDAK;PONDOK LABU;BANGO KRUKUT POLA
2023;KOTA ADM. JAKARTA SELATAN;CILANDAK;GANDARIA SELATAN;BAHARI
2023;KOTA ADM. JAKARTA SELATAN;CILANDAK;CIPETE SELATAN;TAMAN GAJAH
2023;KOTA ADM. JAKARTA SELATAN;KEBAYORAN BARU;KRAMAT PELA;TUNAS MUDA
2023;KOTA ADM. JAKARTA SELATAN;KEBAYORAN BARU;GANDARIA UTARA;DWIJAYA
2023;KOTA ADM. JAKARTA SELATAN;KEBAYORAN BARU;CIPETE UTARA;TAMAN SAWO
2023;KOTA ADM. JAKARTA SELATAN;PANCORAN;DUREN TIGA;TIGA DURIAN
2023;KOTA ADM. JAKARTA SELATAN;JAGAKARSA;JAGAKARSA;BERINGIN
2023;KOTA ADM. JAKARTA SELATAN;JAGAKARSA;JAGAKARSA;TAMAN MATOA
2023;KOTA ADM. JAKARTA SELATAN;JAGAKARSA;SRENGSENG SAWAH;MUAWWANAH
2023;KOTA ADM. JAKARTA SELATAN;JAGAKARSA;SRENGSENG SAWAH;SHIBI
2023;KOTA ADM. JAKARTA SELATAN;JAGAKARSA;SRENGSENG SAWAH;CITRA BETAWI
2023;KOTA ADM. JAKARTA SELATAN;JAGAKARSA;SRENGSENG SAWAH;BETAWI NGUMPUL
2023;KOTA ADM. JAKARTA SELATAN;JAGAKARSA;SRENGSENG SAWAH;H. LELE
2023;KOTA ADM. JAKARTA SELATAN;JAGAKARSA;SRENGSENG SAWAH;TIGA PESONA
2023;KOTA ADM. JAKARTA SELATAN;JAGAKARSA;CIGANJUR;CIGANJUR BERSERI
2023;KOTA ADM. JAKARTA SELATAN;JAGAKARSA;CIGANJUR;TAMAN JANGKRIK
2023;KOTA ADM. JAKARTA SELATAN;JAGAKARSA;LENTENG AGUNG;TAMAN LENTENG AGUNG
2023;KOTA ADM. JAKARTA SELATAN;JAGAKARSA;CIPEDAK;CIPEDAK GEMILANG
2023;KOTA ADM. JAKARTA SELATAN;JAGAKARSA;CIPEDAK;CENDEKIA
2023;KOTA ADM. JAKARTA SELATAN;JAGAKARSA;CIPEDAK;CINTA ASELIH
2023;KOTA ADM. JAKARTA SELATAN;PESANGGRAHAN;PESANGGRAHAN;PUSPITA
2023;KOTA ADM. JAKARTA SELATAN;PESANGGRAHAN;PESANGGRAHAN;ABDI PRAJA
2023;KOTA ADM. JAKARTA SELATAN;PESANGGRAHAN;BINTARO;ANGGREK BINTARO
2023;KOTA ADM. JAKARTA SELATAN;PESANGGRAHAN;BINTARO;PERMAI
2023;KOTA ADM. JAKARTA SELATAN;PESANGGRAHAN;BINTARO;ASTHABRATA
2023;KOTA ADM. JAKARTA SELATAN;PESANGGRAHAN;PETUKANGAN UTARA;BHINNEKA
2023;KOTA ADM. JAKARTA SELATAN;PESANGGRAHAN;PETUKANGAN UTARA;PETUKANGAN BERSERI
2023;KOTA ADM. JAKARTA SELATAN;PESANGGRAHAN;PETUKANGAN SELATAN;MANUNGGAL
2023;KOTA ADM. JAKARTA SELATAN;PESANGGRAHAN;ULUJAMI;NUSANTARA
2023;KOTA ADM. JAKARTA TIMUR;MATRAMAN;UTAN KAYU UTARA;UTAKARA BERIMAN
2023;KOTA ADM. JAKARTA TIMUR;MATRAMAN;UTAN KAYU SELATAN;UTAKASE BERSERI
2023;KOTA ADM. JAKARTA TIMUR;MATRAMAN;UTAN KAYU SELATAN;PUSPA HATI
2023;KOTA ADM. JAKARTA PUSAT;GAMBIR;CIDENG;KENANGA
2023;KOTA ADM. JAKARTA PUSAT;GAMBIR;CIDENG;MUSTIKA
2023;KOTA ADM. JAKARTA PUSAT;GAMBIR;PETOJO UTARA;KEJORA
2023;KOTA ADM. JAKARTA PUSAT;GAMBIR;PETOJO UTARA;FLAMBOYAN KEJORA
2023;KOTA ADM. JAKARTA PUSAT;GAMBIR;PETOJO SELATAN;TANAH ABANG 3
2023;KOTA ADM. JAKARTA PUSAT;GAMBIR;DURI PULO;MELATI DURI PULO
2023;KOTA ADM. JAKARTA PUSAT;SAWAH BESAR;PASAR BARU;PINTU AIR
2023;KOTA ADM. JAKARTA PUSAT;SAWAH BESAR;PASAR BARU;JAYA MOLEK
2023;KOTA ADM. JAKARTA PUSAT;SAWAH BESAR;KARANG ANYAR;KARANG ANYAR
2023;KOTA ADM. JAKARTA PUSAT;SAWAH BESAR;GUNUNG SAHARI UTARA;SAHARA
2023;KOTA ADM. JAKARTA PUSAT;SAWAH BESAR;MANGGA DUA SELATAN;MADUSELA
2023;KOTA ADM. JAKARTA PUSAT;KEMAYORAN;KEMAYORAN;BANDAR KEMAYORAN
2023;KOTA ADM. JAKARTA PUSAT;KEMAYORAN;HARAPAN MULIA;HARAPAN MULIA
2023;KOTA ADM. JAKARTA PUSAT;KEMAYORAN;SERDANG;KRIDA SERDANG
2023;KOTA ADM. JAKARTA PUSAT;KEMAYORAN;SERDANG;SERDANG BARU
2023;KOTA ADM. JAKARTA PUSAT;KEMAYORAN;SUMUR BATU;MUTIARA SUMUR BATU
2023;KOTA ADM. JAKARTA PUSAT;KEMAYORAN;UTAN PANJANG;KAMPUNG BUDAYA
2023;KOTA ADM. JAKARTA PUSAT;SENEN;SENEN;PLANET SENEN
2023;KOTA ADM. JAKARTA PUSAT;SENEN;KENARI;MH THAMRIN
2023;KOTA ADM. JAKARTA PUSAT;SENEN;PASEBAN;ANNUR
2023;KOTA ADM. JAKARTA PUSAT;CEMPAKA PUTIH;CEMPAKA PUTIH TIMUR;KAMPUNG BENDA
2023;KOTA ADM. JAKARTA PUSAT;CEMPAKA PUTIH;CEMPAKA PUTIH TIMUR;BERINGIN
2023;KOTA ADM. JAKARTA PUSAT;CEMPAKA PUTIH;CEMPAKA PUTIH TIMUR;MATAHARI
2023;KOTA ADM. JAKARTA PUSAT;CEMPAKA PUTIH;CEMPAKA PUTIH TIMUR;ANGGREK
2023;KOTA ADM. JAKARTA PUSAT;CEMPAKA PUTIH;CEMPAKA PUTIH BARAT;MARDANI ASRI
2023;KOTA ADM. JAKARTA PUSAT;CEMPAKA PUTIH;RAWASARI;RAWASARI CERIA
2023;KOTA ADM. JAKARTA PUSAT;MENTENG;PEGANGSAAN;BOROBUDUR
2023;KOTA ADM. JAKARTA PUSAT;MENTENG;PEGANGSAAN;AMIR HAMZAH
2023;KOTA ADM. JAKARTA PUSAT;MENTENG;GONDANGDIA;GONDANGDIA
2023;KOTA ADM. JAKARTA PUSAT;MENTENG;KEBON SIRIH;KEBON SIRIH
2023;KOTA ADM. JAKARTA PUSAT;TANAH ABANG;BENDUNGAN HILIR;TAMAN GUNTUR
2023;KOTA ADM. JAKARTA PUSAT;TANAH ABANG;BENDUNGAN HILIR;TAMAN KEUANGAN
2023;KOTA ADM. JAKARTA PUSAT;TANAH ABANG;BENDUNGAN HILIR;TAMAN RANING
2023;KOTA ADM. JAKARTA PUSAT;TANAH ABANG;BENDUNGAN HILIR;MELATI 04
2023;KOTA ADM. JAKARTA PUSAT;TANAH ABANG;BENDUNGAN HILIR;RUSBEN 2
2023;KOTA ADM. JAKARTA PUSAT;TANAH ABANG;KARET TENGSIN;INTILAND TEDUH KARET TENGSIN
2023;KOTA ADM. JAKARTA PUSAT;TANAH ABANG;KARET TENGSIN;SEGAS SEGAR BERSERI
2023;KOTA ADM. JAKARTA PUSAT;TANAH ABANG;PETAMBURAN;PETAMBURAN
2023;KOTA ADM. JAKARTA PUSAT;TANAH ABANG;KEBON MELATI;BONTI
2023;KOTA ADM. JAKARTA PUSAT;TANAH ABANG;KAMPUNG BALI;HATI SUCI
2023;KOTA ADM. JAKARTA PUSAT;TANAH ABANG;KAMPUNG BALI;H.HASBI
2023;KOTA ADM. JAKARTA PUSAT;JOHAR BARU;JOHAR BARU;JOHAR BERSERI
2023;KOTA ADM. JAKARTA PUSAT;JOHAR BARU;KAMPUNG RAWA;RAWA INDAH
2023;KOTA ADM. JAKARTA PUSAT;JOHAR BARU;KAMPUNG RAWA;RAWA INDAH CERIA
2023;KOTA ADM. JAKARTA PUSAT;JOHAR BARU;KAMPUNG RAWA;RASELA INDAH
2023;KOTA ADM. JAKARTA PUSAT;JOHAR BARU;GALUR;KOMANDO CERIA
2023;KOTA ADM. JAKARTA PUSAT;JOHAR BARU;GALUR;GEMPAR GEMILANG
2023;KOTA ADM. JAKARTA PUSAT;JOHAR BARU;TANAH TINGGI;PANDAWA
2023;KOTA ADM. JAKARTA PUSAT;JOHAR BARU;TANAH TINGGI;PULO GUNDUL
2023;KOTA ADM. JAKARTA PUSAT;JOHAR BARU;TANAH TINGGI;RUSTANTI
2023;KOTA ADM. JAKARTA UTARA;PENJARINGAN;PENJARINGAN;PENJARINGAN INDAH
2023;KOTA ADM. JAKARTA UTARA;PENJARINGAN;PENJARINGAN;RUSUN MUARA BARU
2023;KOTA ADM. JAKARTA UTARA;PENJARINGAN;KAMAL MUARA;KAMAL BAHARI
2023;KOTA ADM. JAKARTA UTARA;PENJARINGAN;KAPUK MUARA;VILLA KAPUK MAS 2
2023;KOTA ADM. JAKARTA UTARA;PENJARINGAN;KAPUK MUARA;RUSUN KAPUK MUARA
2023;KOTA ADM. JAKARTA UTARA;PENJARINGAN;PEJAGALAN;DHARMA SUCI
2023;KOTA ADM. JAKARTA UTARA;PENJARINGAN;PLUIT;ANGKE INTERAKTIF
2023;KOTA ADM. JAKARTA UTARA;PENJARINGAN;PLUIT;JAKPRO ASRI
2023;KOTA ADM. JAKARTA UTARA;TANJUNG PRIOK;SUNTER JAYA;SUNTER JAYA BERSERI
2023;KOTA ADM. JAKARTA UTARA;TANJUNG PRIOK;SUNTER JAYA;TUNAS HARAPAN
2023;KOTA ADM. JAKARTA UTARA;TANJUNG PRIOK;SUNTER JAYA;NIRMALA
2023;KOTA ADM. JAKARTA UTARA;TANJUNG PRIOK;SUNTER JAYA;SUNTER MAS
2023;KOTA ADM. JAKARTA UTARA;TANJUNG PRIOK;SUNTER JAYA;DANAU SUNTER
2023;KOTA ADM. JAKARTA UTARA;TANJUNG PRIOK;SUNTER JAYA;SUNTER INDAH
2023;KOTA ADM. JAKARTA UTARA;TANJUNG PRIOK;SUNTER JAYA;SUNTER HIJAU
2023;KOTA ADM. JAKARTA UTARA;TANJUNG PRIOK;SUNTER JAYA;PULO BESAR
2023;KOTA ADM. JAKARTA UTARA;TANJUNG PRIOK;PAPANGGO;LESTARI INDAH
2023;KOTA ADM. JAKARTA UTARA;TANJUNG PRIOK;PAPANGGO;GREEN BISMA
2023;KOTA ADM. JAKARTA UTARA;TANJUNG PRIOK;PAPANGGO;MANGGALA BISMA
2023;KOTA ADM. JAKARTA UTARA;TANJUNG PRIOK;SUNGAI BAMBU;SUNGAI BAMBU
2023;KOTA ADM. JAKARTA UTARA;TANJUNG PRIOK;KEBON BAWANG;BAWANG PUTIH
2023;KOTA ADM. JAKARTA UTARA;TANJUNG PRIOK;SUNTER AGUNG;SUTRA INDAH 3
2023;KOTA ADM. JAKARTA UTARA;TANJUNG PRIOK;SUNTER AGUNG;SUTRA INDAH 4
2023;KOTA ADM. JAKARTA UTARA;TANJUNG PRIOK;SUNTER AGUNG;SUTRA INDAH 1
2023;KOTA ADM. JAKARTA UTARA;TANJUNG PRIOK;SUNTER AGUNG;KAMPUNG INDAH LESTARI
2023;KOTA ADM. JAKARTA UTARA;TANJUNG PRIOK;SUNTER AGUNG;SUTRA INDAH 2
2023;KOTA ADM. JAKARTA UTARA;TANJUNG PRIOK;SUNTER AGUNG;SUNTER MUARA
2023;KOTA ADM. JAKARTA UTARA;KOJA;KOJA;SINDANG RAYA
2023;KOTA ADM. JAKARTA UTARA;KOJA;TUGU UTARA;WALANG BARU
2023;KOTA ADM. JAKARTA UTARA;KOJA;TUGU UTARA;TUGU PERMAI
2023;KOTA ADM. JAKARTA UTARA;KOJA;TUGU UTARA;AMANAH
2023;KOTA ADM. JAKARTA UTARA;KOJA;TUGU UTARA;PERMATA
2023;KOTA ADM. JAKARTA UTARA;KOJA;RAWA BADAK UTARA;RAWA BADAK UTARA
2023;KOTA ADM. JAKARTA UTARA;KOJA;RAWA BADAK UTARA;RADAR PEMBANGUNAN
2023;KOTA ADM. JAKARTA UTARA;KOJA;RAWA BADAK SELATAN;RASELA
2023;KOTA ADM. JAKARTA UTARA;CILINCING;CILINCING;CILINCING BERSERI
2023;KOTA ADM. JAKARTA UTARA;CILINCING;SUKAPURA;MANUNGGAL JUANG
2023;KOTA ADM. JAKARTA UTARA;CILINCING;SUKAPURA;TAMAN PINUS
2023;KOTA ADM. JAKARTA UTARA;CILINCING;SUKAPURA;ANOA
2023;KOTA ADM. JAKARTA UTARA;CILINCING;MARUNDA;MARUNDA
2023;KOTA ADM. JAKARTA UTARA;CILINCING;MARUNDA;GREEN MARUNDA
2023;KOTA ADM. JAKARTA UTARA;CILINCING;MARUNDA;MUTIARA
2023;KOTA ADM. JAKARTA UTARA;CILINCING;MARUNDA;SIRIH KUNING
2023;KOTA ADM. JAKARTA UTARA;CILINCING;MARUNDA;AL ALAM
2023;KOTA ADM. JAKARTA UTARA;CILINCING;MARUNDA;SI PITUNG
2023;KOTA ADM. JAKARTA UTARA;CILINCING;MARUNDA;MANGROVE
2023;KOTA ADM. JAKARTA UTARA;CILINCING;MARUNDA;GABUS PUCUNG
2023;KOTA ADM. JAKARTA UTARA;CILINCING;ROROTAN;ROROTAN INDAH
2023;KOTA ADM. JAKARTA UTARA;CILINCING;ROROTAN;MALAKA ASRI
2023;KOTA ADM. JAKARTA UTARA;CILINCING;ROROTAN;PANCARONA
2023;KOTA ADM. JAKARTA UTARA;CILINCING;ROROTAN;ROROTAN INDAH 2
2023;KOTA ADM. JAKARTA UTARA;CILINCING;ROROTAN;SUNDIRO
2023;KOTA ADM. JAKARTA UTARA;CILINCING;SEMPER BARAT;INTILAND TEDUH SEMPER BARAT
2023;KOTA ADM. JAKARTA UTARA;CILINCING;SEMPER BARAT;TIPAR ASRI
2023;KOTA ADM. JAKARTA UTARA;CILINCING;SEMPER BARAT;PESONA TIPAR
2023;KOTA ADM. JAKARTA UTARA;CILINCING;SEMPER BARAT;GREEN RENGAS
2023;KOTA ADM. JAKARTA UTARA;CILINCING;SEMPER BARAT;SATRIA BIRU
2023;KOTA ADM. JAKARTA UTARA;CILINCING;SEMPER BARAT;TRIPUTRA PERSADA HIJAU
2023;KOTA ADM. JAKARTA UTARA;CILINCING;SEMPER BARAT;TAMAN SENA
2023;KOTA ADM. JAKARTA UTARA;CILINCING;SEMPER BARAT;DUKUH MANIS
2023;KOTA ADM. JAKARTA UTARA;CILINCING;SEMPER BARAT;KAPUAS DUA SATU DUA
2023;KOTA ADM. JAKARTA UTARA;PADEMANGAN;PADEMANGAN TIMUR;PATIMURA
2023;KOTA ADM. JAKARTA UTARA;PADEMANGAN;PADEMANGAN BARAT;BUDI MULIA
2023;KOTA ADM. JAKARTA UTARA;KELAPA GADING;KELAPA GADING TIMUR;BIRU LAUT
2023;KOTA ADM. JAKARTA UTARA;KELAPA GADING;KELAPA GADING TIMUR;GADING HARMONI
2023;KOTA ADM. JAKARTA UTARA;KELAPA GADING;KELAPA GADING TIMUR;DEWI SHINTA
2023;KOTA ADM. JAKARTA UTARA;KELAPA GADING;KELAPA GADING TIMUR;GADING TARIAN
2023;KOTA ADM. JAKARTA UTARA;KELAPA GADING;PEGANGSAAN DUA;NKRI
2023;KOTA ADM. JAKARTA UTARA;KELAPA GADING;PEGANGSAAN DUA;H. OYAR
2023;KOTA ADM. JAKARTA UTARA;KELAPA GADING;PEGANGSAAN DUA;KELAPA NIAS IX
2023;KOTA ADM. JAKARTA UTARA;KELAPA GADING;PEGANGSAAN DUA;GRIYA PRATAMA
2023;KOTA ADM. JAKARTA UTARA;KELAPA GADING;PEGANGSAAN DUA;GADING AYU
2023;KOTA ADM. JAKARTA UTARA;KELAPA GADING;PEGANGSAAN DUA;BELLYRA TAMAN TASKA
2023;KOTA ADM. JAKARTA UTARA;KELAPA GADING;PEGANGSAAN DUA;KELAPA PUAN
2023;KOTA ADM. JAKARTA UTARA;KELAPA GADING;PEGANGSAAN DUA;KELAPA NIAS III
2023;KOTA ADM. JAKARTA UTARA;KELAPA GADING;PEGANGSAAN DUA;PONDOK GADING
2023;KOTA ADM. JAKARTA UTARA;KELAPA GADING;KELAPA GADING BARAT;KITA BERSAUDARA
2023;KOTA ADM. JAKARTA BARAT;TAMANSARI;MAPHAR;MATAHARI
2023;KOTA ADM. JAKARTA BARAT;TAMBORA;ANGKE;KALIJODO
2023;KOTA ADM. JAKARTA BARAT;KEBON JERUK;KEBON JERUK;JERUK MANIS
2023;KOTA ADM. JAKARTA BARAT;KEBON JERUK;DURI KEPA;DUPA WANGI
2023;KOTA ADM. JAKARTA BARAT;KEBON JERUK;KEDOYA UTARA;KEDOYA UTARA
2023;KOTA ADM. JAKARTA BARAT;KEBON JERUK;KEDOYA SELATAN;PANDAWA
2023;KOTA ADM. JAKARTA BARAT;KALIDERES;KALIDERES;KALIDERES
2023;KOTA ADM. JAKARTA BARAT;KALIDERES;TEGAL ALUR;ALUR KEMUNING
2023;KOTA ADM. JAKARTA BARAT;KALIDERES;TEGAL ALUR;ALUR ANGGREK
2023;KOTA ADM. JAKARTA BARAT;KALIDERES;TEGAL ALUR;ALUR DAHLIA
2023;KOTA ADM. JAKARTA BARAT;KALIDERES;TEGAL ALUR;ALUR FLAMBOYAN
2023;KOTA ADM. JAKARTA BARAT;KALIDERES;KAMAL;CAMBELA
2023;KOTA ADM. JAKARTA BARAT;KALIDERES;KAMAL;PORAYA
2023;KOTA ADM. JAKARTA BARAT;KALIDERES;PEGADUNGAN;PEGADUNGAN
2023;KOTA ADM. JAKARTA BARAT;KALIDERES;PEGADUNGAN;KENANGA
2023;KOTA ADM. JAKARTA BARAT;KALIDERES;PEGADUNGAN;NUSA INDAH
2023;KOTA ADM. JAKARTA BARAT;PALMERAH;PALMERAH;MAYA ASRI 13
2023;KOTA ADM. JAKARTA BARAT;PALMERAH;JATI PULO;JATI PULO AKUR
2023;KOTA ADM. JAKARTA BARAT;PALMERAH;KEMANGGISAN;MANGGIS
2023;KOTA ADM. JAKARTA BARAT;PALMERAH;KOTA BAMBU SELATAN;BAMBU KUNING
2023;KOTA ADM. JAKARTA BARAT;KEMBANGAN;KEMBANGAN UTARA;KEMBANGAN
2023;KOTA ADM. JAKARTA BARAT;KEMBANGAN;KEMBANGAN UTARA;KAMPUNG BARU
2023;KOTA ADM. JAKARTA BARAT;KEMBANGAN;MERUYA UTARA;MERUYA UTARA
2023;KOTA ADM. JAKARTA BARAT;KEMBANGAN;MERUYA UTARA;NUSA INDAH
2023;KOTA ADM. JAKARTA BARAT;KEMBANGAN;MERUYA UTARA;KECAPI 72
2023;KOTA ADM. JAKARTA BARAT;KEMBANGAN;MERUYA SELATAN;MERUYA SELATAN
2023;KOTA ADM. JAKARTA BARAT;KEMBANGAN;MERUYA SELATAN;MAHKOTA
2023;KOTA ADM. JAKARTA BARAT;KEMBANGAN;MERUYA SELATAN;MENARA
2023;KOTA ADM. JAKARTA BARAT;KEMBANGAN;MERUYA SELATAN;MANUVER
2023;KOTA ADM. JAKARTA BARAT;KEMBANGAN;MERUYA SELATAN;MANUNGGAL
2023;KOTA ADM. JAKARTA BARAT;KEMBANGAN;SRENGSENG;EDELWEISS PQT
2023;KOTA ADM. JAKARTA BARAT;KEMBANGAN;JOGLO;JOGLO
2023;KOTA ADM. JAKARTA BARAT;KEMBANGAN;JOGLO;RIA DAMKAR JOGLO 2
2023;KOTA ADM. JAKARTA BARAT;KEMBANGAN;KEMBANGAN SELATAN;KEMBANGAN SELATAN
2023;KOTA ADM. JAKARTA BARAT;CENGKARENG;CENGKARENG BARAT;CERIA
2023;KOTA ADM. JAKARTA BARAT;CENGKARENG;CENGKARENG BARAT;UTAMA
2023;KOTA ADM. JAKARTA BARAT;CENGKARENG;CENGKARENG BARAT;SEHATI
2023;KOTA ADM. JAKARTA BARAT;CENGKARENG;CENGKARENG BARAT;SERASI
2023;KOTA ADM. JAKARTA BARAT;CENGKARENG;DURI KOSAMBI;DURI KOSAMBI
2023;KOTA ADM. JAKARTA BARAT;CENGKARENG;DURI KOSAMBI;MAWAR (105)
2023;KOTA ADM. JAKARTA BARAT;CENGKARENG;RAWA BUAYA;INTILAND TEDUH RAWA BUAYA
2023;KOTA ADM. JAKARTA BARAT;CENGKARENG;RAWA BUAYA;CEMPAKA
2023;KOTA ADM. JAKARTA BARAT;CENGKARENG;RAWA BUAYA;SUGRIWA
2023;KOTA ADM. JAKARTA BARAT;CENGKARENG;RAWA BUAYA;CARINA SAYANG
2023;KOTA ADM. JAKARTA BARAT;CENGKARENG;RAWA BUAYA;CABE RAWIT
2023;KOTA ADM. JAKARTA BARAT;CENGKARENG;KEDAUNG KALIANGKE;TAWANG MANGU INDAH
2023;KOTA ADM. JAKARTA BARAT;CENGKARENG;KRENDANG;KRENDANG
2023;KOTA ADM. JAKARTA BARAT;CENGKARENG;KAPUK;MELATI INDAH
2023;KOTA ADM. JAKARTA BARAT;CENGKARENG;KAPUK;TAMAN PEDONGKELAN
2023;KOTA ADM. JAKARTA BARAT;CENGKARENG;CENGKARENG TIMUR;CENGKARENG TIMUR BERSERI
2023;KOTA ADM. JAKARTA BARAT;CENGKARENG;CENGKARENG TIMUR;PUSPA INDAH
2023;KOTA ADM. JAKARTA BARAT;GROGOL PETAMBURAN;TANJUNG DUREN UTARA;RAMBUTAN
2023;KOTA ADM. JAKARTA BARAT;GROGOL PETAMBURAN;TANJUNG DUREN UTARA;TAMAN APEL
2023;KOTA ADM. JAKARTA BARAT;GROGOL PETAMBURAN;TOMANG;MANDALA
2023;KOTA ADM. JAKARTA BARAT;GROGOL PETAMBURAN;JELAMBAR;SATRIA JELAMBAR
2023;KOTA ADM. JAKARTA BARAT;GROGOL PETAMBURAN;TANJUNG DUREN SELATAN;AMANAH BUNDA
2023;KOTA ADM. JAKARTA BARAT;GROGOL PETAMBURAN;JELAMBAR BARU;DUTA MAS
2023;KOTA ADM. JAKARTA BARAT;GROGOL PETAMBURAN;WIJAYA KUSUMA;WIJAYA KUSUMA
2023;KOTA ADM. JAKARTA SELATAN;TEBET;TEBET TIMUR;TERATAI
2023;KOTA ADM. JAKARTA SELATAN;TEBET;TEBET TIMUR;TAMAN MANDALA
2023;KOTA ADM. JAKARTA SELATAN;TEBET;TEBET BARAT;AKASIA
2023;KOTA ADM. JAKARTA SELATAN;TEBET;MENTENG DALAM;RASAMALA
2023;KOTA ADM. JAKARTA SELATAN;TEBET;MENTENG DALAM;FLAMBOYAN
2023;KOTA ADM. JAKARTA SELATAN;TEBET;MANGGARAI;PESONA MANGGARAI
2023;KOTA ADM. JAKARTA SELATAN;SETIABUDI;MENTENG ATAS;SAHARJO MENTAS
2023;KOTA ADM. JAKARTA SELATAN;SETIABUDI;MENTENG ATAS;TAMAN BATU
2023;KOTA ADM. JAKARTA SELATAN;SETIABUDI;MENTENG ATAS;KEBON SAWO
2023;KOTA ADM. JAKARTA SELATAN;MAMPANG PRAPATAN;MAMPANG PRAPATAN;RAMAH LINGKUNGAN
2023;KOTA ADM. JAKARTA SELATAN;PASAR MINGGU;PASAR MINGGU;BELIMBING
2023;KOTA ADM. JAKARTA SELATAN;PASAR MINGGU;JATI PADANG;SERUNI
2023;KOTA ADM. JAKARTA SELATAN;PASAR MINGGU;JATI PADANG;ASOKA
2023;KOTA ADM. JAKARTA SELATAN;PASAR MINGGU;CILANDAK TIMUR;KKO
2023;KOTA ADM. JAKARTA SELATAN;PASAR MINGGU;PEJATEN TIMUR;KEMUNING
2023;KOTA ADM. JAKARTA SELATAN;PASAR MINGGU;PEJATEN BARAT;MALINJO
2023;KOTA ADM. JAKARTA TIMUR;PULO GADUNG;PULO GADUNG;KAYUMAS
2023;KOTA ADM. JAKARTA TIMUR;PULO GADUNG;JATINEGARA KAUM;JAKA TERATAI
2023;KOTA ADM. JAKARTA TIMUR;PULO GADUNG;JATINEGARA KAUM;JAKA BERSERI
2023;KOTA ADM. JAKARTA TIMUR;PULO GADUNG;RAWAMANGUN;BERINGIN INDAH
2023;KOTA ADM. JAKARTA TIMUR;PULO GADUNG;JATI;JATI BERSINAR
2023;KOTA ADM. JAKARTA TIMUR;JATINEGARA;BIDARA CINA;PERMATA INTAN
2023;KOTA ADM. JAKARTA TIMUR;JATINEGARA;BIDARA CINA;RUSUNAMI BERIMAN
2023;KOTA ADM. JAKARTA TIMUR;JATINEGARA;RAWA BUNGA;CITRA PERMATA
2023;KOTA ADM. JAKARTA TIMUR;JATINEGARA;CIPINANG CEMPEDAK;WANGI CEMPEDAK
2023;KOTA ADM. JAKARTA TIMUR;JATINEGARA;CIPINANG BESAR SELATAN;CBS BAHAGIA
2023;KOTA ADM. JAKARTA TIMUR;JATINEGARA;CIPINANG BESAR UTARA;CIBESUT
2023;KOTA ADM. JAKARTA TIMUR;KRAMAT JATI;KRAMAT JATI;MUSTIKA
2023;KOTA ADM. JAKARTA TIMUR;KRAMAT JATI;TENGAH;DAHLIA
2023;KOTA ADM. JAKARTA TIMUR;KRAMAT JATI;BATU AMPAR;UDARA SEGAR 126
2023;KOTA ADM. JAKARTA TIMUR;KRAMAT JATI;BATU AMPAR;MUARA CONDET
2023;KOTA ADM. JAKARTA TIMUR;KRAMAT JATI;CILILITAN;CILILITAN
2023;KOTA ADM. JAKARTA TIMUR;PASAR REBO;GEDONG;GEDONG TRIKORA
2023;KOTA ADM. JAKARTA TIMUR;PASAR REBO;PEKAYON;KOPI GANDARIA
2023;KOTA ADM. JAKARTA TIMUR;PASAR REBO;PEKAYON;KACA PIRING
2023;KOTA ADM. JAKARTA TIMUR;CAKUNG;JATINEGARA;JATINEGARA
2023;KOTA ADM. JAKARTA TIMUR;CAKUNG;PENGGILINGAN;PENGGILINGAN
2023;KOTA ADM. JAKARTA TIMUR;CAKUNG;PENGGILINGAN;CITRA BANGSA
2023;KOTA ADM. JAKARTA TIMUR;CAKUNG;PENGGILINGAN;PULO INDAH
2023;KOTA ADM. JAKARTA TIMUR;CAKUNG;PENGGILINGAN;KOMARUDIN
2023;KOTA ADM. JAKARTA TIMUR;CAKUNG;CAKUNG TIMUR;CAKTIM TERSENYUM
2023;KOTA ADM. JAKARTA TIMUR;CAKUNG;PULO GEBANG;PULO GEBANG INDAH
2023;KOTA ADM. JAKARTA TIMUR;CAKUNG;PULO GEBANG;PULO GEBANG PERMAI
2023;KOTA ADM. JAKARTA TIMUR;CAKUNG;PULO GEBANG;CAHAYA UJUNG KRAWANG
2023;KOTA ADM. JAKARTA TIMUR;CAKUNG;PULO GEBANG;DAMAI INDAH RAWABEBEK
2023;KOTA ADM. JAKARTA TIMUR;CAKUNG;UJUNG MENTENG;KENANGA BERSERI
2023;KOTA ADM. JAKARTA TIMUR;CAKUNG;UJUNG MENTENG;SANGKURIANG
2023;KOTA ADM. JAKARTA TIMUR;CAKUNG;UJUNG MENTENG;MENTENG ASRI
2023;KOTA ADM. JAKARTA TIMUR;CAKUNG;CAKUNG BARAT;GRIYA TIPAR
2023;KOTA ADM. JAKARTA TIMUR;CAKUNG;CAKUNG BARAT;CEMPAKA SARI
2023;KOTA ADM. JAKARTA TIMUR;CAKUNG;CAKUNG BARAT;ALBO LESTARI
2023;KOTA ADM. JAKARTA TIMUR;CAKUNG;CAKUNG BARAT;POOL ASRI
2023;KOTA ADM. JAKARTA TIMUR;DUREN SAWIT;DUREN SAWIT;RATU KARENSA INDAH
2023;KOTA ADM. JAKARTA TIMUR;DUREN SAWIT;DUREN SAWIT;DURSA BERSATU
2023;KOTA ADM. JAKARTA TIMUR;DUREN SAWIT;PONDOK BAMBU;PONDOK BAMBU BERSERI
2023;KOTA ADM. JAKARTA TIMUR;DUREN SAWIT;PONDOK KELAPA;IKAPOLA
2023;KOTA ADM. JAKARTA TIMUR;DUREN SAWIT;PONDOK KELAPA;DKI BERSERI
2023;KOTA ADM. JAKARTA TIMUR;DUREN SAWIT;PONDOK KELAPA;PONDOK KELAPA BERSERI
2023;KOTA ADM. JAKARTA TIMUR;DUREN SAWIT;MALAKA SARI;MALAKA SARI
2023;KOTA ADM. JAKARTA TIMUR;DUREN SAWIT;MALAKA JAYA;BUNGA RAMPAI
2023;KOTA ADM. JAKARTA TIMUR;DUREN SAWIT;PONDOK KOPI;RAWAJAYA
2023;KOTA ADM. JAKARTA TIMUR;DUREN SAWIT;PONDOK KOPI;ARABIKA
2023;KOTA ADM. JAKARTA TIMUR;DUREN SAWIT;PONDOK KOPI;PESONA
2023;KOTA ADM. JAKARTA TIMUR;DUREN SAWIT;KLENDER;VLABOEAN
2023;KOTA ADM. JAKARTA TIMUR;MAKASAR;PINANG RANTI;KAMPUNG PULO ASRI
2023;KOTA ADM. JAKARTA TIMUR;MAKASAR;KEBON PALA;KEBON PALA BERSERI
2023;KOTA ADM. JAKARTA TIMUR;MAKASAR;CIPINANG MELAYU;PILAR JATI
2023;KOTA ADM. JAKARTA TIMUR;CIRACAS;CIRACAS;CIRACAS PRIMA
2023;KOTA ADM. JAKARTA TIMUR;CIRACAS;CIBUBUR;CIBUBUR BERSERI
2023;KOTA ADM. JAKARTA TIMUR;CIRACAS;KELAPA DUA WETAN;JAYA MAKMUR
2023;KOTA ADM. JAKARTA TIMUR;CIRACAS;KELAPA DUA WETAN;DAHLIA KDW
2023;KOTA ADM. JAKARTA TIMUR;CIRACAS;SUSUKAN;SUSUKAN CERIA
2023;KOTA ADM. JAKARTA TIMUR;CIRACAS;RAMBUTAN;TANAH MERDEKA
2023;KOTA ADM. JAKARTA TIMUR;CIPAYUNG;CIPAYUNG;PAYUNG TUNAS TERATAI
2023;KOTA ADM. JAKARTA TIMUR;CIPAYUNG;CILANGKAP;TAMPLAS BAMBU
2023;KOTA ADM. JAKARTA TIMUR;CIPAYUNG;CILANGKAP;GARUDA
2023;KOTA ADM. JAKARTA TIMUR;CIPAYUNG;PONDOK RANGGON;RANGGON KUSUMA BARU
2023;KOTA ADM. JAKARTA TIMUR;CIPAYUNG;PONDOK RANGGON;TUNAS BANGSA BISA
2023;KOTA ADM. JAKARTA TIMUR;CIPAYUNG;BAMBU APUS;GEBANG SARI
2023;KOTA ADM. JAKARTA TIMUR;CIPAYUNG;BAMBU APUS;BAMBU PETUNG
2023;KOTA ADM. JAKARTA TIMUR;CIPAYUNG;LUBANG BUAYA;MUTIARA RAWA BINONG
2023;KAB. ADM. KEP. SERIBU;KEPULAUAN SERIBU UTARA;PULAU PANGGANG;TANJUNG ELANG BERSERI
2023;KAB. ADM. KEP. SERIBU;KEPULAUAN SERIBU UTARA;PULAU PANGGANG;TANJONG TIMOR
2023;KAB. ADM. KEP. SERIBU;KEPULAUAN SERIBU UTARA;PULAU KELAPA;NYIUR MELAMBAI
2023;KAB. ADM. KEP. SERIBU;KEPULAUAN SERIBU UTARA;PULAU KELAPA;ARUNG PALAKKA
2023;KAB. ADM. KEP. SERIBU;KEPULAUAN SERIBU UTARA;PULAU HARAPAN;HARAPAN WIDYA BAHARI
2023;KAB. ADM. KEP. SERIBU;KEPULAUAN SERIBU UTARA;PULAU HARAPAN;JAGA UTARA
2023;KAB. ADM. KEP. SERIBU;KEPULAUAN SERIBU SELATAN;PULAU UNTUNG JAWA;AMITERDAM
2023;KAB. ADM. KEP. SERIBU;KEPULAUAN SERIBU SELATAN;PULAU TIDUNG;TIDUNG CERIA
2023;KAB. ADM. KEP. SERIBU;KEPULAUAN SERIBU SELATAN;PULAU PARI;KLANCENG PUTIH
2024;KOTA ADM. JAKARTA UTARA;CILINCING;ROROTAN;ROROTAN INDAH 2
2024;KOTA ADM. JAKARTA UTARA;CILINCING;ROROTAN;SUNDIRO
2024;KOTA ADM. JAKARTA UTARA;CILINCING;SEMPER BARAT;INTILAND TEDUH SEMPER BARAT
2024;KOTA ADM. JAKARTA UTARA;CILINCING;SEMPER BARAT;TIPAR ASRI
2024;KOTA ADM. JAKARTA UTARA;CILINCING;SEMPER BARAT;PESONA TIPAR
2024;KOTA ADM. JAKARTA UTARA;CILINCING;SEMPER BARAT;GREEN RENGAS
2024;KOTA ADM. JAKARTA UTARA;CILINCING;SEMPER BARAT;SATRIA BIRU
2024;KOTA ADM. JAKARTA UTARA;CILINCING;SEMPER BARAT;TRIPUTRA PERSADA HIJAU
2024;KOTA ADM. JAKARTA UTARA;CILINCING;SEMPER BARAT;TAMAN SENA
2024;KOTA ADM. JAKARTA UTARA;CILINCING;SEMPER BARAT;DUKUH MANIS
2024;KOTA ADM. JAKARTA UTARA;CILINCING;SEMPER BARAT;KAPUAS DUA SATU DUA
2024;KOTA ADM. JAKARTA UTARA;PADEMANGAN;PADEMANGAN TIMUR;PATIMURA
2024;KOTA ADM. JAKARTA UTARA;PADEMANGAN;PADEMANGAN BARAT;BUDI MULIA
2024;KOTA ADM. JAKARTA UTARA;KELAPA GADING;KELAPA GADING TIMUR;BIRU LAUT
2024;KOTA ADM. JAKARTA UTARA;KELAPA GADING;KELAPA GADING TIMUR;GADING HARMONI
2024;KOTA ADM. JAKARTA UTARA;KELAPA GADING;KELAPA GADING TIMUR;DEWI SHINTA
2024;KOTA ADM. JAKARTA UTARA;KELAPA GADING;KELAPA GADING TIMUR;GADING TARIAN
2024;KOTA ADM. JAKARTA UTARA;KELAPA GADING;PEGANGSAAN DUA;NKRI
2024;KOTA ADM. JAKARTA UTARA;KELAPA GADING;PEGANGSAAN DUA;H. OYAR
2024;KOTA ADM. JAKARTA UTARA;KELAPA GADING;PEGANGSAAN DUA;KELAPA NIAS IX
2024;KOTA ADM. JAKARTA UTARA;KELAPA GADING;PEGANGSAAN DUA;GRIYA PRATAMA
2024;KOTA ADM. JAKARTA UTARA;KELAPA GADING;PEGANGSAAN DUA;GADING AYU
2024;KOTA ADM. JAKARTA UTARA;KELAPA GADING;PEGANGSAAN DUA;BELLYRA TAMAN TASKA
2024;KOTA ADM. JAKARTA UTARA;KELAPA GADING;PEGANGSAAN DUA;KELAPA PUAN
2024;KOTA ADM. JAKARTA UTARA;KELAPA GADING;PEGANGSAAN DUA;KELAPA NIAS III
2024;KOTA ADM. JAKARTA UTARA;KELAPA GADING;PEGANGSAAN DUA;PONDOK GADING
2024;KOTA ADM. JAKARTA UTARA;KELAPA GADING;KELAPA GADING BARAT;KITA BERSAUDARA
2024;KOTA ADM. JAKARTA BARAT;TAMAN SARI;MAPHAR;MATAHARI
2024;KOTA ADM. JAKARTA BARAT;TAMBORA;ANGKE;KALIJODO
2024;KOTA ADM. JAKARTA BARAT;KEBON JERUK;KEBON JERUK;JERUK MANIS
2024;KOTA ADM. JAKARTA BARAT;KEBON JERUK;DURI KEPA;DUPA WANGI
2024;KOTA ADM. JAKARTA BARAT;KEBON JERUK;KEDOYA UTARA;KEDOYA UTARA
2024;KOTA ADM. JAKARTA BARAT;KEBON JERUK;KEDOYA SELATAN;PANDAWA
2024;KOTA ADM. JAKARTA BARAT;KALIDERES;KALIDERES;KALIDERES
2024;KOTA ADM. JAKARTA BARAT;KALIDERES;TEGAL ALUR;ALUR KEMUNING
2024;KOTA ADM. JAKARTA BARAT;KALIDERES;TEGAL ALUR;ALUR ANGGREK
2024;KOTA ADM. JAKARTA BARAT;KALIDERES;TEGAL ALUR;ALUR DAHLIA
2024;KOTA ADM. JAKARTA BARAT;KALIDERES;TEGAL ALUR;ALUR FLAMBOYAN
2024;KOTA ADM. JAKARTA BARAT;KALIDERES;KAMAL;CAMBELA
2024;KOTA ADM. JAKARTA BARAT;KALIDERES;KAMAL;PORAYA
2024;KOTA ADM. JAKARTA BARAT;KALIDERES;PEGADUNGAN;PEGADUNGAN
2024;KOTA ADM. JAKARTA BARAT;KALIDERES;PEGADUNGAN;KENANGA
2024;KOTA ADM. JAKARTA BARAT;KALIDERES;PEGADUNGAN;NUSA INDAH
2024;KOTA ADM. JAKARTA BARAT;PAL MERAH;PALMERAH;MAYA ASRI 13
2024;KOTA ADM. JAKARTA BARAT;PAL MERAH;JATIPULO;JATI PULO AKUR
2024;KOTA ADM. JAKARTA BARAT;PAL MERAH;KEMANGGISAN;MANGGIS
2024;KOTA ADM. JAKARTA BARAT;PAL MERAH;KOTA BAMBU SELATAN;BAMBU KUNING
2024;KOTA ADM. JAKARTA BARAT;KEMBANGAN;KEMBANGAN UTARA;KEMBANGAN
2024;KOTA ADM. JAKARTA BARAT;KEMBANGAN;KEMBANGAN UTARA;KAMPUNG BARU
2024;KOTA ADM. JAKARTA BARAT;KEMBANGAN;MERUYA UTARA;MERUYA UTARA
2024;KOTA ADM. JAKARTA SELATAN;PASAR MINGGU;PEJATEN TIMUR;KEMUNING
2024;KOTA ADM. JAKARTA BARAT;KEMBANGAN;MERUYA UTARA;NUSA INDAH
2024;KOTA ADM. JAKARTA BARAT;KEMBANGAN;MERUYA UTARA;KECAPI 72
2024;KOTA ADM. JAKARTA BARAT;KEMBANGAN;MERUYA SELATAN;MERUYA SELATAN
2024;KOTA ADM. JAKARTA BARAT;KEMBANGAN;MERUYA SELATAN;MAHKOTA
2024;KOTA ADM. JAKARTA BARAT;KEMBANGAN;MERUYA SELATAN;MENARA
2024;KOTA ADM. JAKARTA BARAT;KEMBANGAN;MERUYA SELATAN;MANUVER
2024;KOTA ADM. JAKARTA BARAT;KEMBANGAN;MERUYA SELATAN;MANUNGGAL
2024;KOTA ADM. JAKARTA BARAT;KEMBANGAN;SRENGSENG;EDELWEISS PQT
2024;KOTA ADM. JAKARTA BARAT;KEMBANGAN;JOGLO;JOGLO
2024;KOTA ADM. JAKARTA BARAT;KEMBANGAN;JOGLO;RIA DAMKAR JOGLO 2
2024;KOTA ADM. JAKARTA BARAT;KEMBANGAN;KEMBANGAN SELATAN;KEMBANGAN SELATAN
2024;KOTA ADM. JAKARTA BARAT;CENGKARENG;CENGKARENG BARAT;CERIA
2024;KOTA ADM. JAKARTA BARAT;CENGKARENG;CENGKARENG BARAT;UTAMA
2024;KOTA ADM. JAKARTA BARAT;CENGKARENG;CENGKARENG BARAT;SEHATI
2024;KOTA ADM. JAKARTA BARAT;CENGKARENG;CENGKARENG BARAT;SERASI
2024;KOTA ADM. JAKARTA BARAT;CENGKARENG;DURI KOSAMBI;DURI KOSAMBI
2024;KOTA ADM. JAKARTA BARAT;CENGKARENG;DURI KOSAMBI;MAWAR (105)
2024;KOTA ADM. JAKARTA BARAT;CENGKARENG;RAWA BUAYA;INTILAND TEDUH RAWA BUAYA
2024;KOTA ADM. JAKARTA BARAT;CENGKARENG;RAWA BUAYA;CEMPAKA
2024;KOTA ADM. JAKARTA BARAT;CENGKARENG;RAWA BUAYA;SUGRIWA
2024;KOTA ADM. JAKARTA BARAT;CENGKARENG;RAWA BUAYA;CARINA SAYANG
2024;KOTA ADM. JAKARTA BARAT;CENGKARENG;RAWA BUAYA;CABE RAWIT
2024;KOTA ADM. JAKARTA BARAT;CENGKARENG;KEDAUNG KALI ANGKE;TAWANG MANGU INDAH
2024;KOTA ADM. JAKARTA BARAT;CENGKARENG;KRENDANG;KRENDANG
2024;KOTA ADM. JAKARTA BARAT;CENGKARENG;KAPUK;MELATI INDAH
2024;KOTA ADM. JAKARTA BARAT;CENGKARENG;KAPUK;TAMAN PEDONGKELAN
2024;KOTA ADM. JAKARTA BARAT;CENGKARENG;CENGKARENG TIMUR;CENGKARENG TIMUR BERSERI
2024;KOTA ADM. JAKARTA BARAT;CENGKARENG;CENGKARENG TIMUR;PUSPA INDAH
2024;KOTA ADM. JAKARTA BARAT;GROGOL PETAMBURAN;TANJUNG DUREN UTARA;RAMBUTAN
2024;KOTA ADM. JAKARTA BARAT;GROGOL PETAMBURAN;TANJUNG DUREN UTARA;TAMAN APEL
2024;KOTA ADM. JAKARTA BARAT;GROGOL PETAMBURAN;TOMANG;MANDALA
2024;KOTA ADM. JAKARTA BARAT;GROGOL PETAMBURAN;JELAMBAR;SATRIA JELAMBAR
2024;KOTA ADM. JAKARTA BARAT;GROGOL PETAMBURAN;TANJUNG DUREN SELATAN;AMANAH BUNDA
2024;KOTA ADM. JAKARTA BARAT;GROGOL PETAMBURAN;JELAMBAR BARU;DUTA MAS
2024;KOTA ADM. JAKARTA BARAT;GROGOL PETAMBURAN;WIJAYA KUSUMA;WIJAYA KUSUMA
2024;KOTA ADM. JAKARTA SELATAN;TEBET;TEBET TIMUR;TERATAI
2024;KOTA ADM. JAKARTA SELATAN;TEBET;TEBET TIMUR;TAMAN MANDALA
2024;KOTA ADM. JAKARTA SELATAN;TEBET;TEBET BARAT;AKASIA
2024;KOTA ADM. JAKARTA SELATAN;TEBET;MENTENG DALAM;RASAMALA
2024;KOTA ADM. JAKARTA SELATAN;TEBET;MENTENG DALAM;FLAMBOYAN
2024;KOTA ADM. JAKARTA SELATAN;TEBET;MANGGARAI;PESONA MANGGARAI
2024;KOTA ADM. JAKARTA SELATAN;SETIABUDI;MENTENG ATAS;SAHARJO MENTAS
2024;KOTA ADM. JAKARTA SELATAN;SETIABUDI;MENTENG ATAS;TAMAN BATU
2024;KOTA ADM. JAKARTA SELATAN;SETIABUDI;MENTENG ATAS;KEBON SAWO
2024;KOTA ADM. JAKARTA SELATAN;MAMPANG PRAPATAN;MAMPANG PRAPATAN;RAMAH LINGKUNGAN
2024;KOTA ADM. JAKARTA SELATAN;PASAR MINGGU;PASAR MINGGU;BELIMBING
2024;KOTA ADM. JAKARTA SELATAN;PASAR MINGGU;JATI PADANG;SERUNI
2024;KOTA ADM. JAKARTA SELATAN;PASAR MINGGU;JATI PADANG;ASOKA
2024;KOTA ADM. JAKARTA SELATAN;PASAR MINGGU;CILANDAK TIMUR;KKO
2024;KOTA ADM. JAKARTA SELATAN;PASAR MINGGU;PEJATEN BARAT;MALINJO
2024;KOTA ADM. JAKARTA SELATAN;PASAR MINGGU;KEBAGUSAN;BAGUS
2024;KOTA ADM. JAKARTA SELATAN;PASAR MINGGU;KEBAGUSAN;BAUNG
2024;KOTA ADM. JAKARTA SELATAN;PASAR MINGGU;KEBAGUSAN;PERDAMAIAN
2024;KOTA ADM. JAKARTA SELATAN;PASAR MINGGU;KEBAGUSAN;WARU TIMBUL
2024;KOTA ADM. JAKARTA SELATAN;PASAR MINGGU;KEBAGUSAN;KECAPI 137
2024;KOTA ADM. JAKARTA SELATAN;KEBAYORAN LAMA;KEBAYORAN LAMA UTARA;DWI CHANDRA LOKA
2024;KOTA ADM. JAKARTA SELATAN;KEBAYORAN LAMA;KEBAYORAN LAMA UTARA;DELAS
2024;KOTA ADM. JAKARTA SELATAN;KEBAYORAN LAMA;PONDOK PINANG;PINANG INDAH
2024;KOTA ADM. JAKARTA SELATAN;KEBAYORAN LAMA;CIPULIR;MANGGA ULIR
2024;KOTA ADM. JAKARTA SELATAN;KEBAYORAN LAMA;GROGOL UTARA;KEMANDORAN
2024;KOTA ADM. JAKARTA SELATAN;KEBAYORAN LAMA;KEBAYORAN LAMA SELATAN;KAMPUNG PERIGI
2024;KOTA ADM. JAKARTA SELATAN;CILANDAK;CILANDAK BARAT;INTAN
2024;KOTA ADM. JAKARTA SELATAN;CILANDAK;LEBAK BULUS;MAWAR
2024;KOTA ADM. JAKARTA SELATAN;CILANDAK;LEBAK BULUS;ANGGREK
2024;KOTA ADM. JAKARTA SELATAN;CILANDAK;PONDOK LABU;PINANG POLA
2024;KOTA ADM. JAKARTA SELATAN;CILANDAK;PONDOK LABU;POLA IDAMAN
2024;KOTA ADM. JAKARTA SELATAN;CILANDAK;PONDOK LABU;BANGO KRUKUT POLA
2024;KOTA ADM. JAKARTA SELATAN;CILANDAK;GANDARIA SELATAN;BAHARI
2024;KOTA ADM. JAKARTA SELATAN;CILANDAK;CIPETE SELATAN;TAMAN GAJAH
2024;KOTA ADM. JAKARTA SELATAN;KEBAYORAN BARU;KRAMAT PELA;TUNAS MUDA
2024;KOTA ADM. JAKARTA SELATAN;KEBAYORAN BARU;GANDARIA UTARA;DWIJAYA
2024;KOTA ADM. JAKARTA SELATAN;KEBAYORAN BARU;CIPETE UTARA;TAMAN SAWO
2024;KOTA ADM. JAKARTA SELATAN;PANCORAN;DUREN TIGA;TIGA DURIAN
2024;KOTA ADM. JAKARTA SELATAN;JAGAKARSA;JAGAKARSA;BERINGIN
2024;KOTA ADM. JAKARTA SELATAN;JAGAKARSA;JAGAKARSA;TAMAN MATOA
2024;KOTA ADM. JAKARTA SELATAN;JAGAKARSA;SRENGSENG SAWAH;MUAWWANAH
2024;KOTA ADM. JAKARTA SELATAN;JAGAKARSA;SRENGSENG SAWAH;SHIBI
2024;KOTA ADM. JAKARTA SELATAN;JAGAKARSA;SRENGSENG SAWAH;CITRA BETAWI
2024;KOTA ADM. JAKARTA SELATAN;JAGAKARSA;SRENGSENG SAWAH;BETAWI NGUMPUL
2024;KOTA ADM. JAKARTA SELATAN;JAGAKARSA;SRENGSENG SAWAH;H. LELE
2024;KOTA ADM. JAKARTA SELATAN;JAGAKARSA;SRENGSENG SAWAH;TIGA PESONA
2024;KOTA ADM. JAKARTA SELATAN;JAGAKARSA;CIGANJUR;CIGANJUR BERSERI
2024;KOTA ADM. JAKARTA SELATAN;JAGAKARSA;CIGANJUR;TAMAN JANGKRIK
2024;KOTA ADM. JAKARTA SELATAN;JAGAKARSA;LENTENG AGUNG;TAMAN LENTENG AGUNG
2024;KOTA ADM. JAKARTA SELATAN;JAGAKARSA;CIPEDAK;CIPEDAK GEMILANG
2024;KOTA ADM. JAKARTA SELATAN;JAGAKARSA;CIPEDAK;CENDEKIA
2024;KOTA ADM. JAKARTA SELATAN;JAGAKARSA;CIPEDAK;CINTA ASELIH
2024;KOTA ADM. JAKARTA SELATAN;PESANGGRAHAN;PESANGGRAHAN;PUSPITA
2024;KOTA ADM. JAKARTA SELATAN;PESANGGRAHAN;PESANGGRAHAN;ABDI PRAJA
2024;KOTA ADM. JAKARTA SELATAN;PESANGGRAHAN;BINTARO;ANGGREK BINTARO
2024;KOTA ADM. JAKARTA SELATAN;PESANGGRAHAN;BINTARO;PERMAI
2024;KOTA ADM. JAKARTA SELATAN;PESANGGRAHAN;BINTARO;ASTHABRATA
2024;KOTA ADM. JAKARTA SELATAN;PESANGGRAHAN;PETUKANGAN UTARA;BHINNEKA
2024;KOTA ADM. JAKARTA SELATAN;PESANGGRAHAN;PETUKANGAN UTARA;PETUKANGAN BERSERI
2024;KOTA ADM. JAKARTA SELATAN;PESANGGRAHAN;PETUKANGAN SELATAN;MANUNGGAL
2024;KOTA ADM. JAKARTA SELATAN;PESANGGRAHAN;ULUJAMI;NUSANTARA
2024;KOTA ADM. JAKARTA TIMUR;MATRAMAN;UTAN KAYU UTARA;UTAKARA BERIMAN
2024;KOTA ADM. JAKARTA TIMUR;MATRAMAN;UTAN KAYU SELATAN;UTAKASE BERSERI
2024;KOTA ADM. JAKARTA TIMUR;MATRAMAN;UTAN KAYU SELATAN;PUSPA HATI
2024;KOTA ADM. JAKARTA TIMUR;PULOGADUNG;PULO GADUNG;KAYUMAS
2024;KOTA ADM. JAKARTA TIMUR;PULOGADUNG;JATINEGARA KAUM;JAKA TERATAI
2024;KOTA ADM. JAKARTA TIMUR;PULOGADUNG;JATINEGARA KAUM;JAKA BERSERI
2024;KOTA ADM. JAKARTA TIMUR;PULOGADUNG;RAWAMANGUN;BERINGIN INDAH
2024;KOTA ADM. JAKARTA TIMUR;PULOGADUNG;JATI;JATI BERSINAR
2024;KOTA ADM. JAKARTA TIMUR;JATINEGARA;BIDARA CINA;PERMATA INTAN
2024;KOTA ADM. JAKARTA TIMUR;JATINEGARA;BIDARA CINA;RUSUNAMI BERIMAN
2024;KOTA ADM. JAKARTA TIMUR;JATINEGARA;RAWA BUNGA;CITRA PERMATA
2024;KOTA ADM. JAKARTA TIMUR;JATINEGARA;CIPINANG CEMPEDAK;WANGI CEMPEDAK
2024;KOTA ADM. JAKARTA TIMUR;JATINEGARA;CIPINANG BESAR SELATAN;CBS BAHAGIA
2024;KOTA ADM. JAKARTA TIMUR;JATINEGARA;CIPINANG BESAR UTARA;CIBESUT
2024;KOTA ADM. JAKARTA TIMUR;KRAMATJATI;KRAMATJATI;MUSTIKA
2024;KOTA ADM. JAKARTA TIMUR;KRAMATJATI;TENGAH;DAHLIA
2024;KOTA ADM. JAKARTA TIMUR;KRAMATJATI;BATU AMPAR;UDARA SEGAR 126
2024;KOTA ADM. JAKARTA TIMUR;KRAMATJATI;BATU AMPAR;MUARA CONDET
2024;KOTA ADM. JAKARTA TIMUR;KRAMATJATI;CILILITAN;CILILITAN
2024;KOTA ADM. JAKARTA TIMUR;PASAR REBO;GEDONG;GEDONG TRIKORA
2024;KOTA ADM. JAKARTA TIMUR;PASAR REBO;PEKAYON;KOPI GANDARIA
2024;KOTA ADM. JAKARTA TIMUR;PASAR REBO;PEKAYON;KACA PIRING
2024;KOTA ADM. JAKARTA TIMUR;CAKUNG;JATINEGARA;JATINEGARA
2024;KOTA ADM. JAKARTA TIMUR;CAKUNG;PENGGILINGAN;PENGGILINGAN
2024;KOTA ADM. JAKARTA TIMUR;CAKUNG;PENGGILINGAN;CITRA BANGSA
2024;KOTA ADM. JAKARTA TIMUR;CAKUNG;PENGGILINGAN;PULO INDAH
2024;KOTA ADM. JAKARTA TIMUR;CAKUNG;PENGGILINGAN;KOMARUDIN
2024;KOTA ADM. JAKARTA TIMUR;CAKUNG;CAKUNG TIMUR;CAKTIM TERSENYUM
2024;KOTA ADM. JAKARTA TIMUR;CAKUNG;PULO GEBANG;PULO GEBANG INDAH
2024;KOTA ADM. JAKARTA TIMUR;CAKUNG;PULO GEBANG;PULO GEBANG PERMAI
2024;KOTA ADM. JAKARTA TIMUR;CAKUNG;PULO GEBANG;CAHAYA UJUNG KRAWANG
2024;KOTA ADM. JAKARTA TIMUR;CAKUNG;PULO GEBANG;DAMAI INDAH RAWABEBEK
2024;KOTA ADM. JAKARTA TIMUR;CAKUNG;UJUNG MENTENG;KENANGA BERSERI
2024;KOTA ADM. JAKARTA TIMUR;CAKUNG;UJUNG MENTENG;SANGKURIANG
2024;KOTA ADM. JAKARTA TIMUR;CAKUNG;UJUNG MENTENG;MENTENG ASRI
2024;KOTA ADM. JAKARTA TIMUR;CAKUNG;CAKUNG BARAT;GRIYA TIPAR
2024;KOTA ADM. JAKARTA TIMUR;CAKUNG;CAKUNG BARAT;CEMPAKA SARI
2024;KOTA ADM. JAKARTA TIMUR;CAKUNG;CAKUNG BARAT;ALBO LESTARI
2024;KOTA ADM. JAKARTA TIMUR;CAKUNG;CAKUNG BARAT;POOL ASRI
2024;KOTA ADM. JAKARTA TIMUR;DUREN SAWIT;DUREN SAWIT;RATU KARENSA INDAH
2024;KOTA ADM. JAKARTA TIMUR;DUREN SAWIT;DUREN SAWIT;DURSA BERSATU
2024;KOTA ADM. JAKARTA TIMUR;DUREN SAWIT;PONDOK BAMBU;PONDOK BAMBU BERSERI
2024;KOTA ADM. JAKARTA TIMUR;DUREN SAWIT;PONDOK KELAPA;IKAPOLA
2024;KOTA ADM. JAKARTA TIMUR;DUREN SAWIT;PONDOK KELAPA;DKI BERSERI
2024;KOTA ADM. JAKARTA TIMUR;DUREN SAWIT;PONDOK KELAPA;PONDOK KELAPA BERSERI
2024;KOTA ADM. JAKARTA TIMUR;DUREN SAWIT;MALAKA SARI;MALAKA SARI
2024;KOTA ADM. JAKARTA TIMUR;DUREN SAWIT;MALAKA JAYA;BUNGA RAMPAI
2024;KOTA ADM. JAKARTA TIMUR;DUREN SAWIT;PONDOK KOPI;RAWAJAYA
2024;KOTA ADM. JAKARTA TIMUR;DUREN SAWIT;PONDOK KOPI;ARABIKA
2024;KOTA ADM. JAKARTA TIMUR;DUREN SAWIT;PONDOK KOPI;PESONA
2024;KOTA ADM. JAKARTA TIMUR;DUREN SAWIT;KLENDER;VLABOEAN
2024;KOTA ADM. JAKARTA TIMUR;MAKASAR;PINANGRANTI;KAMPUNG PULO ASRI
2024;KOTA ADM. JAKARTA TIMUR;MAKASAR;KEBON PALA;KEBON PALA BERSERI
2024;KOTA ADM. JAKARTA TIMUR;MAKASAR;CIPINANG MELAYU;PILAR JATI
2024;KOTA ADM. JAKARTA TIMUR;CIRACAS;CIRACAS;CIRACAS PRIMA
2024;KOTA ADM. JAKARTA TIMUR;CIRACAS;CIBUBUR;CIBUBUR BERSERI
2024;KOTA ADM. JAKARTA TIMUR;CIRACAS;KELAPA DUA WETAN;JAYA MAKMUR
2024;KOTA ADM. JAKARTA TIMUR;CIRACAS;KELAPA DUA WETAN;DAHLIA KDW
2024;KOTA ADM. JAKARTA TIMUR;CIRACAS;SUSUKAN;SUSUKAN CERIA
2024;KOTA ADM. JAKARTA TIMUR;CIRACAS;RAMBUTAN;TANAH MERDEKA
2024;KOTA ADM. JAKARTA TIMUR;CIPAYUNG;CIPAYUNG;PAYUNG TUNAS TERATAI
2024;KOTA ADM. JAKARTA TIMUR;CIPAYUNG;CILANGKAP;TAMPLAS BAMBU
2024;KOTA ADM. JAKARTA TIMUR;CIPAYUNG;CILANGKAP;GARUDA
2024;KOTA ADM. JAKARTA TIMUR;CIPAYUNG;PONDOK RANGGON;RANGGON KUSUMA BARU
2024;KOTA ADM. JAKARTA TIMUR;CIPAYUNG;PONDOK RANGGON;TUNAS BANGSA BISA
2024;KOTA ADM. JAKARTA TIMUR;CIPAYUNG;BAMBU APUS;GEBANG SARI
2024;KOTA ADM. JAKARTA TIMUR;CIPAYUNG;BAMBU APUS;BAMBU PETUNG
2024;KOTA ADM. JAKARTA TIMUR;CIPAYUNG;LUBANG BUAYA;MUTIARA RAWA BINONG
2024;KAB. ADM. KEP. SERIBU;KEPULAUAN SERIBU UTARA;PULAU PANGGANG;TANJUNG ELANG BERSERI
2024;KAB. ADM. KEP. SERIBU;KEPULAUAN SERIBU UTARA;PULAU PANGGANG;TANJONG TIMOR
2024;KAB. ADM. KEP. SERIBU;KEPULAUAN SERIBU UTARA;PULAU KELAPA;NYIUR MELAMBAI
2024;KAB. ADM. KEP. SERIBU;KEPULAUAN SERIBU UTARA;PULAU KELAPA;ARUNG PALAKKA
2024;KAB. ADM. KEP. SERIBU;KEPULAUAN SERIBU UTARA;PULAU HARAPAN;HARAPAN WIDYA BAHARI
2024;KAB. ADM. KEP. SERIBU;KEPULAUAN SERIBU UTARA;PULAU HARAPAN;JAGA UTARA
2024;KAB. ADM. KEP. SERIBU;KEPULAUAN SERIBU SELATAN;PULAU UNTUNG JAWA;AMITERDAM
2024;KAB. ADM. KEP. SERIBU;KEPULAUAN SERIBU SELATAN;PULAU TIDUNG;TIDUNG CERIA
2024;KAB. ADM. KEP. SERIBU;KEPULAUAN SERIBU SELATAN;PULAU PARI;KLANCENG PUTIH
2024;KOTA ADM. JAKARTA PUSAT;GAMBIR;CIDENG;KENANGA
2024;KOTA ADM. JAKARTA PUSAT;GAMBIR;CIDENG;MUSTIKA
2024;KOTA ADM. JAKARTA PUSAT;GAMBIR;PETOJO UTARA;KEJORA
2024;KOTA ADM. JAKARTA PUSAT;GAMBIR;PETOJO UTARA;FLAMBOYAN KEJORA
2024;KOTA ADM. JAKARTA PUSAT;GAMBIR;PETOJO SELATAN;TANAH ABANG 3
2024;KOTA ADM. JAKARTA PUSAT;GAMBIR;DURI PULO;MELATI DURI PULO
2024;KOTA ADM. JAKARTA PUSAT;SAWAH BESAR;PASAR BARU;PINTU AIR
2024;KOTA ADM. JAKARTA PUSAT;SAWAH BESAR;PASAR BARU;JAYA MOLEK
2024;KOTA ADM. JAKARTA PUSAT;SAWAH BESAR;KARANG ANYAR;KARANG ANYAR
2024;KOTA ADM. JAKARTA PUSAT;SAWAH BESAR;GUNUNG SAHARI UTARA;SAHARA
2024;KOTA ADM. JAKARTA PUSAT;SAWAH BESAR;MANGGA DUA SELATAN;MADUSELA
2024;KOTA ADM. JAKARTA PUSAT;KEMAYORAN;KEMAYORAN;BANDAR KEMAYORAN
2024;KOTA ADM. JAKARTA PUSAT;KEMAYORAN;HARAPAN MULIA;HARAPAN MULIA
2024;KOTA ADM. JAKARTA PUSAT;KEMAYORAN;SERDANG;KRIDA SERDANG
2024;KOTA ADM. JAKARTA PUSAT;KEMAYORAN;SERDANG;SERDANG BARU
2024;KOTA ADM. JAKARTA PUSAT;KEMAYORAN;SUMUR BATU;MUTIARA SUMUR BATU
2024;KOTA ADM. JAKARTA PUSAT;KEMAYORAN;UTAN PANJANG;KAMPUNG BUDAYA
2024;KOTA ADM. JAKARTA PUSAT;SENEN;SENEN;PLANET SENEN
2024;KOTA ADM. JAKARTA PUSAT;SENEN;KENARI;MH THAMRIN
2024;KOTA ADM. JAKARTA PUSAT;SENEN;PASEBAN;ANNUR
2024;KOTA ADM. JAKARTA PUSAT;CEMPAKA PUTIH;CEMPAKA PUTIH TIMUR;KAMPUNG BENDA
2024;KOTA ADM. JAKARTA PUSAT;CEMPAKA PUTIH;CEMPAKA PUTIH TIMUR;BERINGIN
2024;KOTA ADM. JAKARTA PUSAT;CEMPAKA PUTIH;CEMPAKA PUTIH TIMUR;MATAHARI
2024;KOTA ADM. JAKARTA PUSAT;CEMPAKA PUTIH;CEMPAKA PUTIH TIMUR;ANGGREK
2024;KOTA ADM. JAKARTA PUSAT;CEMPAKA PUTIH;CEMPAKA PUTIH BARAT;MARDANI ASRI
2024;KOTA ADM. JAKARTA PUSAT;CEMPAKA PUTIH;RAWASARI;RAWASARI CERIA
2024;KOTA ADM. JAKARTA PUSAT;MENTENG;PEGANGSAAN;BOROBUDUR
2024;KOTA ADM. JAKARTA PUSAT;MENTENG;PEGANGSAAN;AMIR HAMZAH
2024;KOTA ADM. JAKARTA PUSAT;MENTENG;GONDANGDIA;GONDANGDIA
2024;KOTA ADM. JAKARTA PUSAT;MENTENG;KEBON SIRIH;KEBON SIRIH
2024;KOTA ADM. JAKARTA PUSAT;TANAH ABANG;BENDUNGAN HILIR;TAMAN GUNTUR
2024;KOTA ADM. JAKARTA PUSAT;TANAH ABANG;BENDUNGAN HILIR;TAMAN KEUANGAN
2024;KOTA ADM. JAKARTA PUSAT;TANAH ABANG;BENDUNGAN HILIR;TAMAN RANING
2024;KOTA ADM. JAKARTA PUSAT;TANAH ABANG;BENDUNGAN HILIR;MELATI 04
2024;KOTA ADM. JAKARTA PUSAT;TANAH ABANG;BENDUNGAN HILIR;RUSBEN 2
2024;KOTA ADM. JAKARTA PUSAT;TANAH ABANG;KARET TENGSIN;INTILAND TEDUH KARET TENGSIN
2024;KOTA ADM. JAKARTA PUSAT;TANAH ABANG;KARET TENGSIN;SEGAS SEGAR BERSERI
2024;KOTA ADM. JAKARTA PUSAT;TANAH ABANG;PETAMBURAN;PETAMBURAN
2024;KOTA ADM. JAKARTA PUSAT;TANAH ABANG;KEBON MELATI;BONTI
2024;KOTA ADM. JAKARTA PUSAT;TANAH ABANG;KAMPUNG BALI;HATI SUCI
2024;KOTA ADM. JAKARTA PUSAT;TANAH ABANG;KAMPUNG BALI;H.HASBI
2024;KOTA ADM. JAKARTA PUSAT;JOHAR BARU;JOHAR BARU;JOHAR BERSERI
2024;KOTA ADM. JAKARTA PUSAT;JOHAR BARU;KAMPUNG RAWA;RAWA INDAH
2024;KOTA ADM. JAKARTA PUSAT;JOHAR BARU;KAMPUNG RAWA;RAWA INDAH CERIA
2024;KOTA ADM. JAKARTA PUSAT;JOHAR BARU;KAMPUNG RAWA;RASELA INDAH
2024;KOTA ADM. JAKARTA PUSAT;JOHAR BARU;GALUR;KOMANDO CERIA
2024;KOTA ADM. JAKARTA PUSAT;JOHAR BARU;GALUR;GEMPAR GEMILANG
2024;KOTA ADM. JAKARTA PUSAT;JOHAR BARU;TANAH TINGGI;PANDAWA
2024;KOTA ADM. JAKARTA PUSAT;JOHAR BARU;TANAH TINGGI;PULO GUNDUL
2024;KOTA ADM. JAKARTA PUSAT;JOHAR BARU;TANAH TINGGI;RUSTANTI
2024;KOTA ADM. JAKARTA UTARA;PENJARINGAN;PENJARINGAN;PENJARINGAN INDAH
2024;KOTA ADM. JAKARTA UTARA;PENJARINGAN;PENJARINGAN;RUSUN MUARA BARU
2024;KOTA ADM. JAKARTA UTARA;PENJARINGAN;KAMAL MUARA;KAMAL BAHARI
2024;KOTA ADM. JAKARTA UTARA;PENJARINGAN;KAPUK MUARA;VILLA KAPUK MAS 2
2024;KOTA ADM. JAKARTA UTARA;PENJARINGAN;KAPUK MUARA;RUSUN KAPUK MUARA
2024;KOTA ADM. JAKARTA UTARA;PENJARINGAN;PEJAGALAN;DHARMA SUCI
2024;KOTA ADM. JAKARTA UTARA;PENJARINGAN;PLUIT;ANGKE INTERAKTIF
2024;KOTA ADM. JAKARTA UTARA;PENJARINGAN;PLUIT;JAKPRO ASRI
2024;KOTA ADM. JAKARTA UTARA;TANJUNG PRIOK;SUNTER JAYA;SUNTER JAYA BERSERI
2024;KOTA ADM. JAKARTA UTARA;TANJUNG PRIOK;SUNTER JAYA;TUNAS HARAPAN
2024;KOTA ADM. JAKARTA UTARA;TANJUNG PRIOK;SUNTER JAYA;NIRMALA
2024;KOTA ADM. JAKARTA UTARA;TANJUNG PRIOK;SUNTER JAYA;SUNTER MAS
2024;KOTA ADM. JAKARTA UTARA;TANJUNG PRIOK;SUNTER JAYA;DANAU SUNTER
2024;KOTA ADM. JAKARTA UTARA;TANJUNG PRIOK;SUNTER JAYA;SUNTER INDAH
2024;KOTA ADM. JAKARTA UTARA;TANJUNG PRIOK;SUNTER JAYA;SUNTER HIJAU
2024;KOTA ADM. JAKARTA UTARA;TANJUNG PRIOK;SUNTER JAYA;PULO BESAR
2024;KOTA ADM. JAKARTA UTARA;TANJUNG PRIOK;PAPANGGO;LESTARI INDAH
2024;KOTA ADM. JAKARTA UTARA;TANJUNG PRIOK;PAPANGGO;GREEN BISMA
2024;KOTA ADM. JAKARTA UTARA;TANJUNG PRIOK;PAPANGGO;MANGGALA BISMA
2024;KOTA ADM. JAKARTA UTARA;TANJUNG PRIOK;SUNGAI BAMBU;SUNGAI BAMBU
2024;KOTA ADM. JAKARTA UTARA;TANJUNG PRIOK;KEBON BAWANG;BAWANG PUTIH
2024;KOTA ADM. JAKARTA UTARA;TANJUNG PRIOK;SUNTER AGUNG;SUTRA INDAH 3
2024;KOTA ADM. JAKARTA UTARA;TANJUNG PRIOK;SUNTER AGUNG;SUTRA INDAH 4
2024;KOTA ADM. JAKARTA UTARA;TANJUNG PRIOK;SUNTER AGUNG;SUTRA INDAH 1
2024;KOTA ADM. JAKARTA UTARA;TANJUNG PRIOK;SUNTER AGUNG;KAMPUNG INDAH LESTARI
2024;KOTA ADM. JAKARTA UTARA;TANJUNG PRIOK;SUNTER AGUNG;SUTRA INDAH 2
2024;KOTA ADM. JAKARTA UTARA;TANJUNG PRIOK;SUNTER AGUNG;SUNTER MUARA
2024;KOTA ADM. JAKARTA UTARA;KOJA;KOJA;SINDANG RAYA
2024;KOTA ADM. JAKARTA UTARA;KOJA;TUGU UTARA;WALANG BARU
2024;KOTA ADM. JAKARTA UTARA;KOJA;TUGU UTARA;TUGU PERMAI
2024;KOTA ADM. JAKARTA UTARA;KOJA;TUGU UTARA;AMANAH
2024;KOTA ADM. JAKARTA UTARA;KOJA;TUGU UTARA;PERMATA
2024;KOTA ADM. JAKARTA UTARA;KOJA;RAWA BADAK UTARA;RAWA BADAK UTARA
2024;KOTA ADM. JAKARTA UTARA;KOJA;RAWA BADAK UTARA;RADAR PEMBANGUNAN
2024;KOTA ADM. JAKARTA UTARA;KOJA;RAWA BADAK SELATAN;RASELA
2024;KOTA ADM. JAKARTA UTARA;CILINCING;CILINCING;CILINCING BERSERI
2024;KOTA ADM. JAKARTA UTARA;CILINCING;SUKAPURA;MANUNGGAL JUANG
2024;KOTA ADM. JAKARTA UTARA;CILINCING;SUKAPURA;TAMAN PINUS
2024;KOTA ADM. JAKARTA UTARA;CILINCING;SUKAPURA;ANOA
2024;KOTA ADM. JAKARTA UTARA;CILINCING;MARUNDA;MARUNDA
2024;KOTA ADM. JAKARTA UTARA;CILINCING;MARUNDA;GREEN MARUNDA
2024;KOTA ADM. JAKARTA UTARA;CILINCING;MARUNDA;MUTIARA
2024;KOTA ADM. JAKARTA UTARA;CILINCING;MARUNDA;SIRIH KUNING
2024;KOTA ADM. JAKARTA UTARA;CILINCING;MARUNDA;AL ALAM
2024;KOTA ADM. JAKARTA UTARA;CILINCING;MARUNDA;SI PITUNG
2024;KOTA ADM. JAKARTA UTARA;CILINCING;MARUNDA;MANGROVE
2024;KOTA ADM. JAKARTA UTARA;CILINCING;MARUNDA;GABUS PUCUNG
2024;KOTA ADM. JAKARTA UTARA;CILINCING;ROROTAN;ROROTAN INDAH
2024;KOTA ADM. JAKARTA UTARA;CILINCING;ROROTAN;MALAKA ASRI
2024;KOTA ADM. JAKARTA UTARA;CILINCING;ROROTAN;PANCARONA
